date,total_profit_DA,total_profit_Hybrid,market_used,cumulative_baseline,cumulative_strategy,total_profit
2025-01-02,341.15,341.15,Day Ahead,341.15,341.15,341.15
2025-01-03,793.1999999999998,793.1999999999998,Day Ahead,1134.35,1134.35,793.1999999999998
2025-01-04,263.85,263.85,Day Ahead,1398.1999999999998,1398.1999999999998,263.85
2025-01-05,292.9,292.9,Day Ahead,1691.1,1691.1,292.9
2025-01-06,671.1,671.1,Day Ahead,2362.2,2362.2,671.1
2025-01-07,806.8,806.8,Day Ahead,3169.0,3169.0,806.8
2025-01-08,1297.2,1297.2,Day Ahead,4466.2,4466.2,1297.2
2025-01-09,1520.75,1520.75,Day Ahead,5986.95,5986.95,1520.75
2025-01-10,747.0,747.0,Day Ahead,6733.95,6733.95,747.0
2025-01-11,524.85,524.85,Day Ahead,7258.8,7258.8,524.85
2025-01-12,229.8999999999999,229.8999999999999,Day Ahead,7488.7,7488.7,229.8999999999999
2025-01-13,542.9499999999999,542.9499999999999,Day Ahead,8031.65,8031.65,542.9499999999999
2025-01-14,791.05,791.05,Day Ahead,8822.699999999999,8822.699999999999,791.05
2025-01-15,580.15,580.15,Day Ahead,9402.849999999999,9402.849999999999,580.15
2025-01-16,485.5000000000001,485.5000000000001,Day Ahead,9888.349999999999,9888.349999999999,485.5000000000001
2025-01-17,422.55,422.55,Day Ahead,10310.899999999998,10310.899999999998,422.55
2025-01-18,367.3499999999999,367.3499999999999,Day Ahead,10678.249999999998,10678.249999999998,367.3499999999999
2025-01-19,207.54999999999995,207.54999999999995,Day Ahead,10885.799999999997,10885.799999999997,207.54999999999995
2025-01-20,579.5,579.5,Day Ahead,11465.299999999997,11465.299999999997,579.5
2025-01-21,1180.8,1180.8,Day Ahead,12646.099999999997,12646.099999999997,1180.8
2025-01-22,-33.85000000000005,-33.85000000000005,Day Ahead,12612.249999999996,12612.249999999996,-33.85000000000005
2025-01-23,216.45000000000005,216.45000000000005,Day Ahead,12828.699999999997,12828.699999999997,216.45000000000005
2025-01-24,843.05,843.05,Day Ahead,13671.749999999996,13671.749999999996,843.05
2025-01-25,595.95,595.95,Day Ahead,14267.699999999997,14267.699999999997,595.95
2025-01-26,296.35,296.35,Day Ahead,14564.049999999997,14564.049999999997,296.35
2025-01-27,492.85,492.85,Day Ahead,15056.899999999998,15056.899999999998,492.85
2025-01-28,223.54999999999995,223.54999999999995,Day Ahead,15280.449999999997,15280.449999999997,223.54999999999995
2025-01-29,657.8499999999999,657.8499999999999,Day Ahead,15938.299999999997,15938.299999999997,657.8499999999999
2025-01-30,975.05,975.05,Day Ahead,16913.35,16913.35,975.05
2025-01-31,755.6499999999999,755.6499999999999,Day Ahead,17669.0,17669.0,755.6499999999999
2025-02-01,280.55000000000007,280.55000000000007,Day Ahead,17949.55,17949.55,280.55000000000007
2025-02-02,93.79999999999995,93.79999999999995,Day Ahead,18043.35,18043.35,93.79999999999995
2025-02-03,487.2,487.2,Day Ahead,18530.55,18530.55,487.2
2025-02-04,782.3,782.3,Day Ahead,19312.85,19312.85,782.3
2025-02-05,1247.95,1247.95,Day Ahead,20560.8,20560.8,1247.95
2025-02-06,695.4000000000001,695.4000000000001,Day Ahead,21256.2,21256.2,695.4000000000001
2025-02-07,-46.00000000000006,-46.00000000000006,Day Ahead,21210.2,21210.2,-46.00000000000006
2025-02-08,477.3500000000001,477.3500000000001,Day Ahead,21687.55,21687.55,477.3500000000001
2025-02-09,204.20000000000002,204.20000000000002,Day Ahead,21891.75,21891.75,204.20000000000002
2025-02-10,683.4,683.4,Day Ahead,22575.15,22575.15,683.4
2025-02-11,374.45000000000005,374.45000000000005,Day Ahead,22949.600000000002,22949.600000000002,374.45000000000005
2025-02-12,447.9999999999998,447.9999999999998,Day Ahead,23397.600000000002,23397.600000000002,447.9999999999998
2025-02-13,438.19999999999993,438.19999999999993,Day Ahead,23835.800000000003,23835.800000000003,438.19999999999993
2025-02-14,738.55,738.55,Day Ahead,24574.350000000002,24574.350000000002,738.55
2025-02-15,253.20000000000007,253.20000000000007,Day Ahead,24827.550000000003,24827.550000000003,253.20000000000007
2025-02-16,102.14999999999996,102.14999999999996,Day Ahead,24929.700000000004,24929.700000000004,102.14999999999996
2025-02-17,662.6499999999999,662.6499999999999,Day Ahead,25592.350000000006,25592.350000000006,662.6499999999999
2025-02-18,617.3500000000001,617.3500000000001,Day Ahead,26209.700000000004,26209.700000000004,617.3500000000001
2025-02-19,496.29999999999984,496.29999999999984,Day Ahead,26706.000000000004,26706.000000000004,496.29999999999984
2025-02-20,634.3,634.3,Day Ahead,27340.300000000003,27340.300000000003,634.3
2025-02-21,652.7500000000001,652.7500000000001,Day Ahead,27993.050000000003,27993.050000000003,652.7500000000001
2025-02-22,1017.9000000000001,1017.9000000000001,Day Ahead,29010.950000000004,29010.950000000004,1017.9000000000001
2025-02-23,359.75,359.75,Day Ahead,29370.700000000004,29370.700000000004,359.75
2025-02-24,947.6500000000001,947.6500000000001,Day Ahead,30318.350000000006,30318.350000000006,947.6500000000001
2025-02-25,1292.1000000000001,1292.1000000000001,Day Ahead,31610.450000000004,31610.450000000004,1292.1000000000001
2025-02-26,499.34999999999997,499.34999999999997,Day Ahead,32109.800000000003,32109.800000000003,499.34999999999997
2025-02-27,367.5,367.5,Day Ahead,32477.300000000003,32477.300000000003,367.5
2025-02-28,691.6500000000001,691.6500000000001,Day Ahead,33168.950000000004,33168.950000000004,691.6500000000001
2025-03-01,0.0,0.0,Day Ahead,33168.950000000004,33168.950000000004,0.0
2025-03-02,-4.1499999999999915,-4.1499999999999915,Day Ahead,33164.8,33164.8,-4.1499999999999915
2025-03-03,16.05000000000004,16.05000000000004,Day Ahead,33180.850000000006,33180.850000000006,16.05000000000004
2025-03-04,13.250000000000028,13.250000000000028,Day Ahead,33194.100000000006,33194.100000000006,13.250000000000028
2025-03-05,0.0,0.0,Day Ahead,33194.100000000006,33194.100000000006,0.0
2025-03-06,-13.050000000000068,-13.050000000000068,Day Ahead,33181.05,33181.05,-13.050000000000068
2025-03-07,728.7,728.7,Day Ahead,33909.75,33909.75,728.7
2025-03-08,405.75,405.75,Day Ahead,34315.5,34315.5,405.75
2025-03-09,275.09999999999997,275.09999999999997,Day Ahead,34590.6,34590.6,275.09999999999997
2025-03-10,515.0,515.0,Day Ahead,35105.6,35105.6,515.0
2025-03-11,730.8999999999999,730.8999999999999,Day Ahead,35836.5,35836.5,730.8999999999999
2025-03-12,546.0,546.0,Day Ahead,36382.5,36382.5,546.0
2025-03-13,1234.0,1234.0,Day Ahead,37616.5,37616.5,1234.0
2025-03-14,727.95,727.95,Day Ahead,38344.45,38344.45,727.95
2025-03-15,799.85,799.85,Day Ahead,39144.299999999996,39144.299999999996,799.85
2025-03-16,714.1,714.1,Day Ahead,39858.399999999994,39858.399999999994,714.1
2025-03-17,485.6499999999999,485.6499999999999,Day Ahead,40344.049999999996,40344.049999999996,485.6499999999999
2025-03-18,484.34999999999997,484.34999999999997,Day Ahead,40828.399999999994,40828.399999999994,484.34999999999997
2025-03-19,508.0999999999999,508.0999999999999,Day Ahead,41336.49999999999,41336.49999999999,508.0999999999999
2025-03-20,509.04999999999995,509.04999999999995,Day Ahead,41845.549999999996,41845.549999999996,509.04999999999995
2025-03-21,456.44999999999993,456.44999999999993,Day Ahead,42301.99999999999,42301.99999999999,456.44999999999993
2025-03-22,519.3000000000001,519.3000000000001,Day Ahead,42821.299999999996,42821.299999999996,519.3000000000001
2025-03-23,407.34999999999997,407.34999999999997,Day Ahead,43228.649999999994,43228.649999999994,407.34999999999997
2025-03-24,1355.45,1355.45,Day Ahead,44584.09999999999,44584.09999999999,1355.45
2025-03-25,1203.0500000000002,1203.0500000000002,Day Ahead,45787.149999999994,45787.149999999994,1203.0500000000002
2025-03-26,840.0,840.0,Day Ahead,46627.149999999994,46627.149999999994,840.0
2025-03-27,415.30000000000007,415.30000000000007,Day Ahead,47042.45,47042.45,415.30000000000007
2025-03-28,695.8,695.8,Day Ahead,47738.25,47738.25,695.8
2025-03-29,355.5,355.5,Day Ahead,48093.75,48093.75,355.5
2025-03-30,1130.25,1130.25,Day Ahead,49224.0,49224.0,1130.25
2025-03-31,1486.4499999999998,1545.6499999999996,Balancing,50710.45,50769.65,1545.6499999999996
2025-04-01,586.2,767.2,Balancing,51296.649999999994,51536.85,767.2
2025-04-02,831.1500000000001,620.0500000000001,Balancing,52127.799999999996,52156.9,620.0500000000001
2025-04-03,933.0,1440.75,Balancing,53060.799999999996,53597.65,1440.75
2025-04-04,486.25,782.75,Balancing,53547.049999999996,54380.4,782.75
2025-04-05,740.3499999999999,766.2,Balancing,54287.399999999994,55146.6,766.2
2025-04-06,601.6,601.6,Day Ahead,54888.99999999999,55748.2,601.6
2025-04-07,720.9000000000001,720.9000000000001,Day Ahead,55609.899999999994,56469.1,720.9000000000001
2025-04-08,806.4000000000001,806.4000000000001,Day Ahead,56416.299999999996,57275.5,806.4000000000001
2025-04-09,912.45,912.45,Day Ahead,57328.74999999999,58187.95,912.45
2025-04-10,1133.8999999999999,1133.8999999999999,Day Ahead,58462.649999999994,59321.85,1133.8999999999999
2025-04-11,662.15,662.15,Day Ahead,59124.799999999996,59984.0,662.15
2025-04-12,202.25000000000003,202.25000000000003,Day Ahead,59327.049999999996,60186.25,202.25000000000003
2025-04-13,278.9,278.9,Day Ahead,59605.95,60465.15,278.9
2025-04-14,413.5000000000001,413.5000000000001,Day Ahead,60019.45,60878.65,413.5000000000001
2025-04-15,604.6500000000001,604.6500000000001,Day Ahead,60624.1,61483.3,604.6500000000001
2025-04-16,553.3499999999999,553.3499999999999,Day Ahead,61177.45,62036.65,553.3499999999999
2025-04-17,1246.75,1246.75,Day Ahead,62424.2,63283.4,1246.75
2025-04-18,247.25,247.25,Day Ahead,62671.45,63530.65,247.25
2025-04-19,359.05000000000007,359.05000000000007,Day Ahead,63030.5,63889.700000000004,359.05000000000007
2025-04-20,229.20000000000002,229.20000000000002,Day Ahead,63259.7,64118.9,229.20000000000002
2025-04-21,316.8499999999999,316.8499999999999,Day Ahead,63576.549999999996,64435.75,316.8499999999999
2025-04-22,417.15,417.15,Day Ahead,63993.7,64852.9,417.15
2025-04-23,724.1,724.1,Day Ahead,64717.799999999996,65577.0,724.1
2025-04-24,356.79999999999995,356.79999999999995,Day Ahead,65074.6,65933.8,356.79999999999995
2025-04-25,367.79999999999995,367.79999999999995,Day Ahead,65442.4,66301.6,367.79999999999995
2025-04-26,442.15,442.15,Day Ahead,65884.55,66743.75,442.15
2025-04-27,503.3499999999999,573.35,Balancing,66387.90000000001,67317.1,573.35
2025-04-28,389.79999999999995,936.5500000000001,Balancing,66777.70000000001,68253.65000000001,936.5500000000001
2025-04-29,760.3,1499.35,Balancing,67538.00000000001,69753.00000000001,1499.35
2025-04-30,924.6999999999999,867.45,Balancing,68462.70000000001,70620.45000000001,867.45
2025-05-01,641.4,-55.44999999999999,Balancing,69104.1,70565.00000000001,-55.44999999999999
2025-05-02,887.9000000000001,369.35,Balancing,69992.0,70934.35000000002,369.35
2025-05-03,155.75000000000003,-564.2,Balancing,70147.75,70370.15000000002,-564.2
2025-05-04,409.5,765.4,Balancing,70557.25,71135.55000000002,765.4
2025-05-05,385.1500000000001,-291.65,Balancing,70942.4,70843.90000000002,-291.65
2025-05-06,671.25,556.55,Balancing,71613.65,71400.45000000003,556.55
2025-05-07,648.1999999999999,648.1999999999999,Day Ahead,72261.84999999999,72048.65000000002,648.1999999999999
2025-05-08,649.65,649.65,Day Ahead,72911.49999999999,72698.30000000002,649.65
2025-05-09,636.7,636.7,Day Ahead,73548.19999999998,73335.00000000001,636.7
2025-05-10,232.50000000000006,232.50000000000006,Day Ahead,73780.69999999998,73567.50000000001,232.50000000000006
2025-05-11,107.75000000000004,107.75000000000004,Day Ahead,73888.44999999998,73675.25000000001,107.75000000000004
2025-05-12,442.54999999999995,1545.1,Balancing,74330.99999999999,75220.35000000002,1545.1
2025-05-13,531.85,179.45,Balancing,74862.84999999999,75399.80000000002,179.45
2025-05-14,599.3000000000002,655.9000000000001,Balancing,75462.15,76055.70000000001,655.9000000000001
2025-05-15,291.3,291.3,Day Ahead,75753.45,76347.00000000001,291.3
2025-05-16,455.44999999999993,455.44999999999993,Day Ahead,76208.9,76802.45000000001,455.44999999999993
2025-05-17,238.75,238.75,Day Ahead,76447.65,77041.20000000001,238.75
2025-05-18,338.2,338.2,Day Ahead,76785.84999999999,77379.40000000001,338.2
2025-05-19,503.00000000000006,503.00000000000006,Day Ahead,77288.84999999999,77882.40000000001,503.00000000000006
2025-05-20,588.0,1711.15,Balancing,77876.84999999999,79593.55,1711.15
2025-05-21,445.09999999999997,-40.900000000000006,Balancing,78321.95,79552.65000000001,-40.900000000000006
2025-05-22,469.8500000000001,469.8500000000001,Day Ahead,78791.8,80022.50000000001,469.8500000000001
2025-05-23,423.30000000000007,423.30000000000007,Day Ahead,79215.1,80445.80000000002,423.30000000000007
2025-05-24,386.85,386.85,Day Ahead,79601.95000000001,80832.65000000002,386.85
2025-05-25,342.45,342.45,Day Ahead,79944.40000000001,81175.10000000002,342.45
2025-05-26,798.2,798.2,Day Ahead,80742.6,81973.30000000002,798.2
2025-05-27,98.24999999999997,98.24999999999997,Day Ahead,80840.85,82071.55000000002,98.24999999999997
2025-05-28,566.5500000000001,566.5500000000001,Day Ahead,81407.40000000001,82638.10000000002,566.5500000000001
2025-05-29,517.6999999999999,517.6999999999999,Day Ahead,81925.1,83155.80000000002,517.6999999999999
2025-05-30,684.5500000000001,684.5500000000001,Day Ahead,82609.65000000001,83840.35000000002,684.5500000000001
2025-05-31,521.3000000000001,521.3000000000001,Day Ahead,83130.95000000001,84361.65000000002,521.3000000000001
2025-06-01,453.1,453.1,Day Ahead,83584.05000000002,84814.75000000003,453.1
2025-06-02,316.04999999999995,316.04999999999995,Day Ahead,83900.10000000002,85130.80000000003,316.04999999999995
2025-06-03,773.5,773.5,Day Ahead,84673.60000000002,85904.30000000003,773.5
2025-06-04,721.55,721.55,Day Ahead,85395.15000000002,86625.85000000003,721.55
2025-06-05,521.6,521.6,Day Ahead,85916.75000000003,87147.45000000004,521.6
2025-06-06,703.75,703.75,Day Ahead,86620.50000000003,87851.20000000004,703.75
2025-06-07,412.84999999999997,412.84999999999997,Day Ahead,87033.35000000003,88264.05000000005,412.84999999999997
2025-06-08,237.79999999999995,237.79999999999995,Day Ahead,87271.15000000004,88501.85000000005,237.79999999999995
2025-06-09,541.45,541.45,Day Ahead,87812.60000000003,89043.30000000005,541.45
2025-06-10,553.6499999999999,553.6499999999999,Day Ahead,88366.25000000003,89596.95000000004,553.6499999999999
2025-06-11,344.54999999999995,344.54999999999995,Day Ahead,88710.80000000003,89941.50000000004,344.54999999999995
2025-06-12,401.1,401.1,Day Ahead,89111.90000000004,90342.60000000005,401.1
2025-06-13,403.0,403.0,Day Ahead,89514.90000000004,90745.60000000005,403.0
2025-06-14,473.95,473.95,Day Ahead,89988.85000000003,91219.55000000005,473.95
2025-06-15,333.55,333.55,Day Ahead,90322.40000000004,91553.10000000005,333.55
2025-06-16,455.30000000000007,455.30000000000007,Day Ahead,90777.70000000004,92008.40000000005,455.30000000000007
2025-06-17,481.90000000000003,481.90000000000003,Day Ahead,91259.60000000003,92490.30000000005,481.90000000000003
2025-06-18,512.95,512.95,Day Ahead,91772.55000000003,93003.25000000004,512.95
2025-06-19,398.65,398.65,Day Ahead,92171.20000000003,93401.90000000004,398.65
2025-06-20,524.8,524.8,Day Ahead,92696.00000000003,93926.70000000004,524.8
2025-06-21,457.45000000000005,457.45000000000005,Day Ahead,93153.45000000003,94384.15000000004,457.45000000000005
2025-06-22,556.15,556.15,Day Ahead,93709.60000000002,94940.30000000003,556.15
2025-06-23,656.0,1361.8500000000001,Balancing,94365.60000000002,96302.15000000004,1361.8500000000001
2025-06-24,363.15,363.15,Day Ahead,94728.75000000001,96665.30000000003,363.15
2025-06-25,636.55,636.55,Day Ahead,95365.30000000002,97301.85000000003,636.55
2025-06-26,469.5,469.5,Day Ahead,95834.80000000002,97771.35000000003,469.5
2025-06-27,570.1499999999999,570.1499999999999,Day Ahead,96404.95000000001,98341.50000000003,570.1499999999999
2025-06-28,281.1,281.1,Day Ahead,96686.05000000002,98622.60000000003,281.1
2025-06-29,306.55,306.55,Day Ahead,96992.60000000002,98929.15000000004,306.55
2025-06-30,470.4500000000001,470.4500000000001,Day Ahead,97463.05000000002,99399.60000000003,470.4500000000001
2025-07-01,545.2,545.2,Day Ahead,98008.25000000001,99944.80000000003,545.2
2025-07-02,355.1,355.1,Day Ahead,98363.35000000002,100299.90000000004,355.1
2025-07-03,390.4,390.4,Day Ahead,98753.75000000001,100690.30000000003,390.4
2025-07-04,465.8499999999999,465.8499999999999,Day Ahead,99219.60000000002,101156.15000000004,465.8499999999999
2025-07-05,526.8000000000001,526.8000000000001,Day Ahead,99746.40000000002,101682.95000000004,526.8000000000001
2025-07-06,141.95000000000002,141.95000000000002,Day Ahead,99888.35000000002,101824.90000000004,141.95000000000002
2025-07-07,432.85,432.85,Day Ahead,100321.20000000003,102257.75000000004,432.85
2025-07-08,408.70000000000005,408.70000000000005,Day Ahead,100729.90000000002,102666.45000000004,408.70000000000005
2025-07-09,382.05000000000007,382.05000000000007,Day Ahead,101111.95000000003,103048.50000000004,382.05000000000007
2025-07-10,448.95000000000005,448.95000000000005,Day Ahead,101560.90000000002,103497.45000000004,448.95000000000005
2025-07-11,397.55,397.55,Day Ahead,101958.45000000003,103895.00000000004,397.55
2025-07-12,205.20000000000005,205.20000000000005,Day Ahead,102163.65000000002,104100.20000000004,205.20000000000005
2025-07-13,205.20000000000005,205.20000000000005,Day Ahead,102368.85000000002,104305.40000000004,205.20000000000005
2025-07-14,378.7,378.7,Day Ahead,102747.55000000002,104684.10000000003,378.7
2025-07-15,310.1,310.1,Day Ahead,103057.65000000002,104994.20000000004,310.1
2025-07-16,405.54999999999995,405.54999999999995,Day Ahead,103463.20000000003,105399.75000000004,405.54999999999995
2025-07-17,320.1000000000001,320.1000000000001,Day Ahead,103783.30000000003,105719.85000000005,320.1000000000001
2025-07-18,414.04999999999995,414.04999999999995,Day Ahead,104197.35000000003,106133.90000000005,414.04999999999995
2025-07-19,300.1499999999999,300.1499999999999,Day Ahead,104497.50000000003,106434.05000000005,300.1499999999999
2025-07-20,221.10000000000002,221.10000000000002,Day Ahead,104718.60000000003,106655.15000000005,221.10000000000002
2025-07-21,167.60000000000005,524.6,Balancing,104886.20000000004,107179.75000000006,524.6
2025-07-22,371.44999999999993,371.44999999999993,Day Ahead,105257.65000000004,107551.20000000006,371.44999999999993
2025-07-23,381.19999999999993,381.19999999999993,Day Ahead,105638.85000000003,107932.40000000005,381.19999999999993
2025-07-24,387.54999999999995,387.54999999999995,Day Ahead,106026.40000000004,108319.95000000006,387.54999999999995
2025-07-25,422.15000000000003,422.15000000000003,Day Ahead,106448.55000000003,108742.10000000005,422.15000000000003
2025-07-26,169.59999999999994,169.59999999999994,Day Ahead,106618.15000000004,108911.70000000006,169.59999999999994
2025-07-27,113.80000000000004,113.80000000000004,Day Ahead,106731.95000000004,109025.50000000006,113.80000000000004
2025-07-28,402.65,402.65,Day Ahead,107134.60000000003,109428.15000000005,402.65
2025-07-29,289.4,289.4,Day Ahead,107424.00000000003,109717.55000000005,289.4
2025-07-30,333.30000000000007,333.30000000000007,Day Ahead,107757.30000000003,110050.85000000005,333.30000000000007
2025-07-31,309.29999999999995,309.29999999999995,Day Ahead,108066.60000000003,110360.15000000005,309.29999999999995
2025-08-01,391.1,391.1,Day Ahead,108457.70000000004,110751.25000000006,391.1
2025-08-02,142.19999999999993,142.19999999999993,Day Ahead,108599.90000000004,110893.45000000006,142.19999999999993
2025-08-03,94.69999999999992,94.69999999999992,Day Ahead,108694.60000000003,110988.15000000005,94.69999999999992
2025-08-04,174.2,174.2,Day Ahead,108868.80000000003,111162.35000000005,174.2
2025-08-05,673.95,673.95,Day Ahead,109542.75000000003,111836.30000000005,673.95
2025-08-06,94.39999999999998,94.39999999999998,Day Ahead,109637.15000000002,111930.70000000004,94.39999999999998
2025-08-07,695.0999999999999,695.0999999999999,Day Ahead,110332.25000000003,112625.80000000005,695.0999999999999
2025-08-08,562.4,562.4,Day Ahead,110894.65000000002,113188.20000000004,562.4
2025-08-09,561.4499999999999,561.4499999999999,Day Ahead,111456.10000000002,113749.65000000004,561.4499999999999
2025-08-10,167.8,167.8,Day Ahead,111623.90000000002,113917.45000000004,167.8
2025-08-11,461.4,461.4,Day Ahead,112085.30000000002,114378.85000000003,461.4
2025-08-12,546.45,546.45,Day Ahead,112631.75000000001,114925.30000000003,546.45
2025-08-13,449.99999999999994,449.99999999999994,Day Ahead,113081.75000000001,115375.30000000003,449.99999999999994
2025-08-14,281.65,281.65,Day Ahead,113363.40000000001,115656.95000000003,281.65
2025-08-15,344.70000000000005,344.70000000000005,Day Ahead,113708.1,116001.65000000002,344.70000000000005
2025-08-16,273.29999999999995,273.29999999999995,Day Ahead,113981.40000000001,116274.95000000003,273.29999999999995
